L,n_atoms,E1_eV,Im_alpha_E1_per_cell,E2_eV,Im_alpha_E2_per_cell,E3_eV,Im_alpha_E3_per_cell
1,26,,,,,,
2,44,3.0000,646.8458,4.2500,1749.2503,,
4,80,2.1300,1422.3069,3.0000,1964.0171,,
8,152,1.8400,3073.1698,2.4500,5292.2816,,
16,296,1.7000,5388.9574,2.2100,5727.6196,3.9100,2061.8526
32,584,1.6200,6863.4706,2.1300,5286.2669,3.8600,2390.3939
64,1160,1.5900,7978.0183,2.1000,5234.7995,3.8400,2712.2483
128,2312,1.5700,8761.3094,2.0800,5292.1687,3.8200,2869.8421
256,4616,1.5600,9246.8719,2.0700,5275.2727,3.8200,2972.7130
